title,company,position,region,url
Managing Editor,GrowthX Labs,Full-Time,Anywhere in the World,https://weworkremotely.com/remote-jobs/growthx-labs-managing-editor
Project Manager,"VEXXHOST, Inc.",Full-Time,Anywhere in the World,https://weworkremotely.com/remote-jobs/vexxhost-inc-project-manager-1
"Customer Success Manager (cold email agency, fully remote)",Sales.co,Full-Time,USA Only,https://weworkremotely.com/remote-jobs/sales-co-customer-success-manager-cold-email-agency-fully-remote
Product Owner,Localize,Full-Time,USA Only,https://weworkremotely.com/remote-jobs/localize-product-owner-1
Junior Sales Associate,Blue Ocean Home Buyers,Full-Time,Anywhere in the World,https://weworkremotely.com/remote-jobs/blue-ocean-home-buyers-junior-sales-associate
Lead WordPress Developer for Fast-Growing Pet Company (Remote/Worldwide),Pangolia,Full-Time,Anywhere in the World,https://weworkremotely.com/remote-jobs/pangolia-lead-wordpress-developer-for-fast-growing-pet-company-remote-worldwide-1
Graphic Designer,BBE Marketing Inc,Full-Time,Anywhere in the World,https://weworkremotely.com/remote-jobs/bbe-marketing-inc-graphic-designer-2
Full Stack Engineer,Localize,Full-Time,USA Only,https://weworkremotely.com/remote-jobs/localize-full-stack-engineer-5
Senior Next.js Developer,Proxify AB,Full-Time,Latin America Only/Europe Only/EMEA Only,https://weworkremotely.com/remote-jobs/proxify-ab-senior-next-js-developer
Senior Symfony Developer,Proxify AB,Full-Time,Latin America Only/Europe Only/EMEA Only,https://weworkremotely.com/remote-jobs/proxify-ab-senior-symfony-developer-1
Senior DevOps Engineer (Azure),Proxify AB,Full-Time,Latin America Only/Europe Only/EMEA Only,https://weworkremotely.com/remote-jobs/proxify-ab-senior-devops-engineer-azure-1
Senior Product Designer,Proxify AB,Full-Time,Latin America Only/Europe Only/EMEA Only,https://weworkremotely.com/remote-jobs/proxify-ab-senior-product-designer
Senior DevOps Engineer (AWS),Proxify AB,Full-Time,Latin America Only/Europe Only/EMEA Only,https://weworkremotely.com/remote-jobs/proxify-ab-senior-devops-engineer-aws-1
Senior Data Engineer,Proxify AB,Full-Time,Latin America Only/Europe Only/EMEA Only,https://weworkremotely.com/remote-jobs/proxify-ab-senior-data-engineer-1
Senior React Native Developer,Proxify AB,Full-Time,Latin America Only/Europe Only/EMEA Only,https://weworkremotely.com/remote-jobs/proxify-ab-senior-react-native-developer
Senior Vue.js Developer,Proxify AB,Full-Time,Latin America Only/Europe Only/EMEA Only,https://weworkremotely.com/remote-jobs/proxify-ab-senior-vue-js-developer-1
Senior Fullstack Developer,Proxify AB,Full-Time,Latin America Only/Europe Only/EMEA Only,https://weworkremotely.com/remote-jobs/proxify-ab-senior-fullstack-developer
Senior Flutter Developer,Proxify AB,Full-Time,Latin America Only/Europe Only/EMEA Only,https://weworkremotely.com/remote-jobs/proxify-ab-senior-flutter-developer-1
Business Analyst,Elite Software Automation,Full-Time,Anywhere in the World,https://weworkremotely.com/remote-jobs/elite-software-automation-business-analyst
Senior/Staff Software Engineer - Backend/Python - USA (100% Remote),Close,Full-Time,USA Only,https://weworkremotely.com/remote-jobs/close-senior-staff-software-engineer-backend-python-usa-100-remote-3
Python Fullstack Engineer,CloudDevs,Full-Time,Latin America Only/Europe Only/UK Only/Canada Only/EMEA Only/Asia Only/Oceania Only,https://weworkremotely.com/remote-jobs/clouddevs-python-fullstack-engineer
Customer Care Rep and Dispatcher,Bondoc Roofing,Full-Time,Anywhere in the World,https://weworkremotely.com/remote-jobs/bondoc-roofing-customer-care-rep-and-dispatcher
Junior Customer Support Specialist (Remote),Kreativstorm,Full-Time,Anywhere in the World,https://weworkremotely.com/remote-jobs/kreativstorm-junior-customer-support-specialist-remote
